club,season,net_transfer_spend_m,ucl stage,league,annual_wage_eur,revenue_eur,squad_value_m,average_squad_age,points,matches,ppg,league_position,league_size,normalized_position,ucl_encoded
AC Milan,2010/11,-25.97,Round of 16,Serie A,146482000.0,234800000,288.08,27.7,82,38,2.1579,1,20,1.0,3
AC Milan,2011/12,-42.85,Quarter-finals,Serie A,135222000.0,256900000,273.53,26.8,80,38,2.1053,2,20,0.9474,4
AC Milan,2012/13,28.9,Round of 16,Serie A,90093000.0,263500000,238.53,26.0,72,38,1.8947,3,20,0.8947,3
AC Milan,2013/14,-25.73,Round of 16,Serie A,88132000.0,249700000,263.95,25.8,57,38,1.5,7,20,0.6842,3
AC Milan,2014/15,11.3,None,Serie A,77566000.0,199100000,236.13,25.7,52,38,1.3684,10,20,0.5263,0
AC Milan,2015/16,-91.12,None,Serie A,73608000.0,214600000,213.83,26.1,57,38,1.5,7,20,0.6842,0
AC Milan,2016/17,-4.41,None,Serie A,60973000.0,191700000,254.33,25.3,63,38,1.6579,6,20,0.7368,0
AC Milan,2017/18,-146.78,None,Serie A,105858000.0,207700000,407.05,25.0,64,38,1.6842,6,20,0.7368,0
AC Milan,2018/19,-106.54,None,Serie A,142693000.0,206300000,578.48,24.9,68,38,1.7895,5,20,0.7895,0
AC Milan,2019/20,-84.85,None,Serie A,105190000.0,164000000,404.33,25.7,66,38,1.7368,6,20,0.7368,0
AC Milan,2020/21,19.63,None,Serie A,84340000.0,216300000,547.78,24.4,79,38,2.0789,2,20,0.9474,0
AC Milan,2021/22,-95.32,Group Stage,Serie A,87590000.0,264900000,546.95,25.8,86,38,2.2632,1,20,1.0,2
AC Milan,2022/23,-52.18,Semi-finals,Serie A,83350000.0,385300000,545.1,26.4,70,38,1.8421,5,20,0.7895,5
AC Milan,2023/24,-59.06,Group Stage,Serie A,86000000.0,397600000,571.41,24.6,75,38,1.9737,2,20,0.9474,2
AC Milan,2024/25,-85.34,Play-offs,Serie A,97680000.0,410700000,581.7,25.1,63,38,1.6579,8,20,0.6316,1
Arsenal,2010/11,-14.9,Round of 16,Premier League,124400000.0,251100000,324.0,24.8,68,38,1.7895,4,20,0.8421,3
Arsenal,2011/12,12.82,Round of 16,Premier League,143400000.0,290300000,362.43,24.7,70,38,1.8421,3,20,0.8947,3
Arsenal,2012/13,9.85,Round of 16,Premier League,183000000.0,284300000,296.9,24.4,73,38,1.9211,4,20,0.8421,3
Arsenal,2013/14,-37.1,Round of 16,Premier League,85857503.0,359300000,385.75,25.0,79,38,2.0789,4,20,0.8421,3
Arsenal,2014/15,-91.18,Round of 16,Premier League,112908446.0,435500000,414.75,24.5,75,38,1.9737,3,20,0.8947,3
Arsenal,2015/16,-24.0,Round of 16,Premier League,117097928.0,468500000,457.85,25.2,71,38,1.8684,2,20,0.9474,3
Arsenal,2016/17,-102.65,Round of 16,Premier League,123269447.0,487600000,542.0,25.3,75,38,1.9737,5,20,0.7895,3
Arsenal,2017/18,9.55,None,Premier League,188730521.0,439200000,694.0,25.4,63,38,1.6579,6,20,0.7368,0
Arsenal,2018/19,-71.05,None,Premier League,161425557.0,445200000,659.05,25.4,70,38,1.8421,5,20,0.7895,0
Arsenal,2019/20,-107.15,None,Premier League,141366618.0,388000000,607.65,24.8,56,38,1.4737,8,20,0.6316,0
Arsenal,2020/21,-66.85,None,Premier League,175843663.0,366500000,619.25,24.9,61,38,1.6053,8,20,0.6316,0
Arsenal,2021/22,-136.0,None,Premier League,136393624.0,433500000,613.05,24.0,69,38,1.8158,5,20,0.7895,0
Arsenal,2022/23,-162.6,None,Premier League,118166655.0,532600000,1000.0,24.0,84,38,2.2105,2,20,0.9474,0
Arsenal,2023/24,-165.9,Quarter-finals,Premier League,196534543.0,716500000,1200.0,24.6,89,38,2.3421,2,20,0.9474,4
Arsenal,2024/25,-23.81,Semi-finals,Premier League,200749422.0,821700000,1160.0,24.5,74,38,1.9474,2,20,0.9474,5
AS Roma,2010/11,-0.55,Round of 16,Serie A,86204000.0,143500000,172.98,26.7,63,38,1.6579,6,20,0.7368,3
AS Roma,2011/12,-65.48,None,Serie A,80463000.0,115900000,172.78,25.9,56,38,1.4737,8,20,0.6316,0
AS Roma,2012/13,-22.6,None,Serie A,69593000.0,124400000,173.4,25.0,62,38,1.6316,6,20,0.7368,0
AS Roma,2013/14,41.32,None,Serie A,62281000.0,127400000,246.4,24.3,85,38,2.2368,2,20,0.9474,0
AS Roma,2014/15,-60.56,Group Stage,Serie A,74908000.0,179100000,276.78,26.3,70,38,1.8421,2,20,0.9474,2
AS Roma,2015/16,41.4,Round of 16,Serie A,69209000.0,218200000,332.9,25.2,80,38,2.1053,3,20,0.8947,3
AS Roma,2016/17,-25.22,Play-offs,Serie A,83610000.0,171800000,354.68,24.2,87,38,2.2895,2,20,0.9474,1
AS Roma,2017/18,74.8,Semi-finals,Serie A,73488000.0,250000000,469.1,24.1,77,38,2.0263,3,20,0.8947,5
AS Roma,2018/19,-0.879,Round of 16,Serie A,105065000.0,231000000,459.05,24.2,66,38,1.7368,6,20,0.7368,3
AS Roma,2019/20,-18.83,None,Serie A,115880000.0,141500000,392.73,26.1,70,38,1.8421,5,20,0.7895,0
AS Roma,2020/21,-26.1,None,Serie A,113170000.0,190400000,395.65,25.1,63,38,1.6579,7,20,0.6842,0
AS Roma,2021/22,-115.0,None,Serie A,99550000.0,196000000,381.25,24.3,63,38,1.6579,6,20,0.7368,0
AS Roma,2022/23,72.36,None,Serie A,93570000.0,214900000,361.38,24.2,63,38,1.6579,7,20,0.6842,0
AS Roma,2023/24,56.88,None,Serie A,104400000.0,249000000,340.4,25.2,63,38,1.6579,6,20,0.7368,0
AS Roma,2024/25,-112.9,None,Serie A,87710000.0,216300000,390.3,25.7,69,38,1.8158,5,20,0.7895,0
Atletico Madrid,2010/11,-10.15,None,La Liga,23900000.0,99900000,187.0,25.4,58,38,1.5263,6,20,0.7368,0
Atletico Madrid,2011/12,0.15,None,La Liga,44950000.0,107900000,210.0,24.9,56,38,1.4737,5,20,0.7895,0
Atletico Madrid,2012/13,16.85,None,La Liga,66000000.0,120000000,267.0,24.9,76,38,2.0,3,20,0.8947,0
Atletico Madrid,2013/14,34.61,Final,La Liga,48667000.0,169900000,308.8,25.5,90,38,2.3684,1,20,1.0,6
Atletico Madrid,2014/15,-55.05,Quarter-finals,La Liga,59221000.0,176600000,356.0,26.2,78,38,2.0526,3,20,0.8947,4
Atletico Madrid,2015/16,33.0,Final,La Liga,62950000.0,228600000,418.5,25.9,88,38,2.3158,3,20,0.8947,6
Atletico Madrid,2016/17,-34.8,Semi-finals,La Liga,86604000.0,272500000,515.8,25.1,78,38,2.0526,3,20,0.8947,5
Atletico Madrid,2017/18,8.4,Group Stage,La Liga,98548000.0,304400000,711.15,25.8,79,38,2.0789,2,20,0.9474,2
Atletico Madrid,2018/19,-110.1,Round of 16,La Liga,202616000.0,367600000,969.7,24.7,76,38,2.0,2,20,0.9474,3
Atletico Madrid,2019/20,68.95,Quarter-finals,La Liga,165500000.0,331800000,720.15,25.3,70,38,1.8421,3,20,0.8947,4
Atletico Madrid,2020/21,-8.7,Round of 16,La Liga,170390000.0,332800000,773.1,25.4,86,38,2.2632,1,20,1.0,3
Atletico Madrid,2021/22,-62.95,Quarter-finals,La Liga,167330000.0,393800000,661.8,25.7,71,38,1.8684,3,20,0.8947,4
Atletico Madrid,2022/23,-1.25,Group Stage,La Liga,151230000.0,364100000,534.3,25.8,77,38,2.0263,3,20,0.8947,2
Atletico Madrid,2023/24,46.6,Quarter-finals,La Liga,170890000.0,409500000,458.45,26.9,76,38,2.0,4,20,0.8421,4
Atletico Madrid,2024/25,-73.03,Round of 16,La Liga,137350000.0,454500000,542.5,26.5,76,38,2.0,3,20,0.8947,3
Barcelona,2010/11,-19.8,Final,La Liga,234640000.0,450700000,604.7,25.1,96,38,2.5263,1,20,1.0,6
Barcelona,2011/12,-13.05,Semi-finals,La Liga,217000000.0,483000000,618.2,25.3,91,38,2.3947,2,20,0.9474,5
Barcelona,2012/13,-32.5,Semi-finals,La Liga,245000000.0,482600000,586.6,26.3,100,38,2.6316,1,20,1.0,5
Barcelona,2013/14,-72.9,Quarter-finals,La Liga,178255000.0,484800000,592.2,26.6,87,38,2.2895,2,20,0.9474,4
Barcelona,2014/15,-84.92,Final,La Liga,162167000.0,560800000,603.8,25.9,94,38,2.4737,1,20,1.0,6
Barcelona,2015/16,-12.7,Quarter-finals,La Liga,174029000.0,620200000,726.0,26.4,91,38,2.3947,1,20,1.0,4
Barcelona,2016/17,-90.95,Quarter-finals,La Liga,229912000.0,648300000,765.3,26.3,90,38,2.3684,2,20,0.9474,4
Barcelona,2017/18,-155.6,Quarter-finals,La Liga,243470000.0,690400000,1090.0,26.8,93,38,2.4474,1,20,1.0,4
Barcelona,2018/19,4.95,Semi-finals,La Liga,267935000.0,840800000,1160.0,25.2,87,38,2.2895,1,20,1.0,5
Barcelona,2019/20,-149.6,Quarter-finals,La Liga,344850000.0,713400000,930.28,24.7,82,38,2.1579,2,20,0.9474,4
Barcelona,2020/21,42.46,Round of 16,La Liga,351880000.0,582100000,813.5,25.5,79,38,2.0789,3,20,0.8947,3
Barcelona,2021/22,25.86,Group Stage,La Liga,252745000.0,638200000,735.6,25.5,73,38,1.9211,2,20,0.9474,2
Barcelona,2022/23,-119.5,Group Stage,La Liga,268510000.0,800100000,836.8,24.4,88,38,2.3158,1,20,1.0,2
Barcelona,2023/24,98.3,Quarter-finals,La Liga,211340000.0,760300000,916.2,24.0,85,38,2.2368,2,20,0.9474,4
Barcelona,2024/25,0.3,Semi-finals,La Liga,196780000.0,974800000,1080.0,23.3,88,38,2.3158,1,20,1.0,5
Bayer Leverkusen,2010/11,0.85,None,Bundesliga,26000000.0,114900000,147.68,25.6,68,34,2.0,2,18,0.9412,0
Bayer Leverkusen,2011/12,-10.05,Round of 16,Bundesliga,45000000.0,144500000,134.85,24.6,54,34,1.5882,5,18,0.7647,3
Bayer Leverkusen,2012/13,-6.22,None,Bundesliga,59800000.0,144600000,155.3,24.1,65,34,1.9118,3,18,0.8824,0
Bayer Leverkusen,2013/14,10.6,Round of 16,Bundesliga,39290000.0,136000000,175.88,24.8,61,34,1.7941,4,18,0.8235,3
Bayer Leverkusen,2014/15,-20.96,Round of 16,Bundesliga,32170000.0,165000000,177.1,25.4,61,34,1.7941,4,18,0.8235,3
Bayer Leverkusen,2015/16,3.25,Group Stage,Bundesliga,31732000.0,222000000,241.3,24.7,60,34,1.7647,3,18,0.8824,2
Bayer Leverkusen,2016/17,-39.6,Round of 16,Bundesliga,50007000.0,220000000,265.03,24.3,41,34,1.2059,12,18,0.3529,3
Bayer Leverkusen,2017/18,40.1,None,Bundesliga,56837000.0,230000000,357.35,25.7,55,34,1.6176,5,18,0.7647,0
Bayer Leverkusen,2018/19,13.5,None,Bundesliga,62106500.0,262000000,429.4,25.1,58,34,1.7059,4,18,0.8235,0
Bayer Leverkusen,2019/20,-66.2,Group Stage,Bundesliga,47820000.0,361000000,398.95,25.7,63,34,1.8529,5,18,0.7647,2
Bayer Leverkusen,2020/21,64.8,None,Bundesliga,56200000.0,215000000,373.25,25.6,52,34,1.5294,6,18,0.7059,0
Bayer Leverkusen,2021/22,-12.01,None,Bundesliga,51790000.0,250000000,455.05,25.1,64,34,1.8824,3,18,0.8824,0
Bayer Leverkusen,2022/23,-4.9,Group Stage,Bundesliga,57330000.0,300000000,452.5,24.8,50,34,1.4706,7,18,0.6471,2
Bayer Leverkusen,2023/24,-15.4,None,Bundesliga,64370000.0,361000000,658.35,24.9,90,34,2.6471,1,18,1.0,0
Bayer Leverkusen,2024/25,-21.35,Round of 16,Bundesliga,78050000.0,565000000,623.35,25.1,69,34,2.0294,2,18,0.9412,3
Bayern Munich,2010/11,-11.0,Round of 16,Bundesliga,162000000.0,321400000,309.98,26.2,65,34,1.9118,3,18,0.8824,3
Bayern Munich,2011/12,-47.1,Final,Bundesliga,203000000.0,368400000,356.0,26.3,73,34,2.1471,2,18,0.9412,6
Bayern Munich,2012/13,-5.22,Final,Bundesliga,200000000.0,431200000,462.4,25.8,91,34,2.6765,1,18,1.0,6
Bayern Munich,2013/14,-22.0,Semi-finals,Bundesliga,115849000.0,487500000,566.88,25.2,90,34,2.6471,1,18,1.0,5
Bayern Munich,2014/15,-4.7,Semi-finals,Bundesliga,118908446.0,474000000,575.13,26.1,79,34,2.3235,1,18,1.0,5
Bayern Munich,2015/16,-58.75,Semi-finals,Bundesliga,134644000.0,592000000,596.05,26.4,88,34,2.5882,1,18,1.0,5
Bayern Munich,2016/17,-17.7,Quarter-finals,Bundesliga,161510000.0,587800000,562.55,26.6,82,34,2.4118,1,18,1.0,4
Bayern Munich,2017/18,-84.25,Semi-finals,Bundesliga,181581000.0,692200000,811.85,25.2,84,34,2.4706,1,18,1.0,5
Bayern Munich,2018/19,70.0,Round of 16,Bundesliga,193998000.0,660100000,784.88,26.2,78,34,2.2941,1,18,1.0,3
Bayern Munich,2019/20,-85.5,Final,Bundesliga,214120000.0,634100000,777.33,24.2,82,34,2.4118,1,18,1.0,6
Bayern Munich,2020/21,-43.75,Quarter-finals,Bundesliga,224570000.0,611400000,858.23,24.4,78,34,2.2941,1,18,1.0,4
Bayern Munich,2021/22,-55.2,Quarter-finals,Bundesliga,238610000.0,653600000,790.33,25.2,77,34,2.2647,1,18,1.0,4
Bayern Munich,2022/23,-24.6,Quarter-finals,Bundesliga,262470000.0,744000000,948.95,25.7,71,34,2.0882,1,18,1.0,4
Bayern Munich,2023/24,-11.08,Semi-finals,Bundesliga,257320000.0,765400000,965.15,25.2,72,34,2.1176,3,18,0.8824,5
Bayern Munich,2024/25,-64.65,Quarter-finals,Bundesliga,262170000.0,860600000,935.55,24.6,82,34,2.4118,1,18,1.0,4
Borussia Dortmund,2010/11,-1.55,None,Bundesliga,49500000.0,138500000,169.95,25.2,75,34,2.2059,1,18,1.0,0
Borussia Dortmund,2011/12,2.42,Group Stage,Bundesliga,79000000.0,196700000,215.95,25.1,81,34,2.3824,1,18,1.0,2
Borussia Dortmund,2012/13,7.35,Final,Bundesliga,140000000.0,256200000,302.3,24.7,66,34,1.9412,2,18,0.9412,6
Borussia Dortmund,2013/14,-5.23,Quarter-finals,Bundesliga,55236000.0,261500000,326.05,25.2,71,34,2.0882,2,18,0.9412,4
Borussia Dortmund,2014/15,-60.4,Round of 16,Bundesliga,59780000.0,280600000,319.5,25.2,46,34,1.3529,7,18,0.6471,3
Borussia Dortmund,2015/16,22.55,None,Bundesliga,54054000.0,283900000,352.95,25.4,78,34,2.2941,2,18,0.9412,0
Borussia Dortmund,2016/17,-30.1,Quarter-finals,Bundesliga,74463000.0,332600000,390.65,25.6,64,34,1.8824,3,18,0.8824,4
Borussia Dortmund,2017/18,161.36,Group Stage,Bundesliga,82887000.0,317200000,574.2,25.5,55,34,1.6176,3,18,0.8824,2
Borussia Dortmund,2018/19,23.7,Round of 16,Bundesliga,96554000.0,371700000,643.25,24.9,76,34,2.2353,2,18,0.9412,3
Borussia Dortmund,2019/20,-14.25,Round of 16,Bundesliga,106820000.0,365700000,654.05,25.0,69,34,2.0294,2,18,0.9412,3
Borussia Dortmund,2020/21,-49.65,Quarter-finals,Bundesliga,90330000.0,337600000,628.4,25.5,64,34,1.8824,3,18,0.8824,4
Borussia Dortmund,2021/22,64.5,Group Stage,Bundesliga,90270000.0,356900000,558.98,24.5,69,34,2.0294,2,18,0.9412,2
Borussia Dortmund,2022/23,-27.1,Round of 16,Bundesliga,122520000.0,420000000,567.55,25.1,71,34,2.0882,2,18,0.9412,3
Borussia Dortmund,2023/24,68.8,Final,Bundesliga,126600000.0,513700000,494.8,25.6,63,34,1.8529,5,18,0.7647,6
Borussia Dortmund,2024/25,-31.6,Quarter-finals,Bundesliga,111450000.0,531300000,508.28,24.1,57,34,1.6765,4,18,0.8235,4
Chelsea,2010/11,-105.0,Quarter-finals,Premier League,191000000.0,253100000,424.1,25.9,71,38,1.8684,2,20,0.9474,4
Chelsea,2011/12,-64.89,Final,Premier League,140000000.0,322600000,375.5,27.1,64,38,1.6842,6,20,0.7368,6
Chelsea,2012/13,-84.25,Group Stage,Premier League,176000000.0,303400000,454.25,26.4,75,38,1.9737,3,20,0.8947,2
Chelsea,2013/14,-52.42,Semi-finals,Premier League,122741146.0,387900000,584.2,25.2,82,38,2.1579,3,20,0.8947,5
Chelsea,2014/15,5.11,Round of 16,Premier League,124794741.0,420000000,557.25,25.4,87,38,2.2895,1,20,1.0,3
Chelsea,2015/16,-9.01,Round of 16,Premier League,119183724.0,447400000,553.5,25.2,50,38,1.3158,10,20,0.5263,3
Chelsea,2016/17,-23.9,None,Premier League,117603578.0,428000000,686.7,25.4,93,38,2.4474,1,20,1.0,0
Chelsea,2017/18,-65.9,Round of 16,Premier League,145089806.0,505700000,884.25,25.3,70,38,1.8421,5,20,0.7895,3
Chelsea,2018/19,-125.55,None,Premier League,187837283.0,513100000,1170.0,26.2,72,38,1.8947,3,20,0.8947,0
Chelsea,2019/20,120.07,Round of 16,Premier League,142690000.0,469700000,705.85,24.7,66,38,1.7368,3,20,0.8947,3
Chelsea,2020/21,-210.05,Final,Premier League,176275358.0,493100000,889.2,25.7,67,38,1.7632,4,20,0.8421,6
Chelsea,2021/22,39.59,Quarter-finals,Premier League,209760207.0,568300000,914.5,25.6,74,38,1.9474,3,20,0.8947,4
Chelsea,2022/23,-562.39,Quarter-finals,Premier League,220920000.0,589400000,994.95,25.2,44,38,1.1579,12,20,0.4211,4
Chelsea,2023/24,-165.9,None,Premier League,185886099.0,545500000,1010.0,22.2,63,38,1.6579,6,20,0.7368,0
Chelsea,2024/25,-44.8,None,Premier League,203953524.0,584100000,1190.0,22.4,69,38,1.8158,4,20,0.8421,0
Eintracht Frankfurt,2010/11,-1.3,None,Bundesliga,24500000.0,74500000,47.85,25.7,34,34,1.0,17,18,0.0588,0
Eintracht Frankfurt,2011/12,2.85,None,Bundesliga 2,27000000.0,45070000,43.53,25.6,68,34,2.0,2,18,0.9412,0
Eintracht Frankfurt,2012/13,-5.15,None,Bundesliga,27000000.0,94700000,68.4,26.0,51,34,1.5,5,18,0.7647,0
Eintracht Frankfurt,2013/14,-6.98,None,Bundesliga,24320000.0,100000000,86.2,25.3,36,34,1.0588,13,18,0.2941,0
Eintracht Frankfurt,2014/15,-0.575,None,Bundesliga,17827000.0,103000000,74.9,25.6,43,34,1.2647,9,18,0.5294,0
Eintracht Frankfurt,2015/16,0.28,None,Bundesliga,19403000.0,109300000,76.6,25.5,36,34,1.0588,16,18,0.1176,0
Eintracht Frankfurt,2016/17,8.25,None,Bundesliga,19655000.0,110700000,72.3,24.6,42,34,1.2353,11,18,0.4118,0
Eintracht Frankfurt,2017/18,-19.29,None,Bundesliga,25764000.0,140800000,126.15,25.5,49,34,1.4412,8,18,0.5882,0
Eintracht Frankfurt,2018/19,-12.05,None,Bundesliga,38083000.0,201400000,313.4,25.4,54,34,1.5882,7,18,0.6471,0
Eintracht Frankfurt,2019/20,32.17,None,Bundesliga,43070000.0,278100000,208.98,27.0,45,34,1.3235,9,18,0.5294,0
Eintracht Frankfurt,2020/21,6.95,None,Bundesliga,47680000.0,160400000,269.15,26.2,60,34,1.7647,5,18,0.7647,0
Eintracht Frankfurt,2021/22,13.61,None,Bundesliga,36010000.0,248400000,228.75,25.7,42,34,1.2353,12,18,0.3529,0
Eintracht Frankfurt,2022/23,-7.61,Round of 16,Bundesliga,33960000.0,293500000,324.55,25.6,50,34,1.4706,6,18,0.7059,3
Eintracht Frankfurt,2023/24,58.9,None,Bundesliga,36330000.0,390500000,326.65,24.7,47,34,1.3824,6,18,0.7059,0
Eintracht Frankfurt,2024/25,33.69,None,Bundesliga,41010000.0,269900000,431.25,24.6,60,34,1.7647,3,18,0.8824,0
Inter Milan,2010/11,28.29,Quarter-finals,Serie A,133333000.0,211400000,346.95,26.2,76,38,2.0,2,20,0.9474,4
Inter Milan,2011/12,14.25,Round of 16,Serie A,120111000.0,200600000,303.05,26.0,58,38,1.5263,6,20,0.7368,3
Inter Milan,2012/13,-10.75,None,Serie A,92314000.0,164500000,242.8,24.8,54,38,1.4211,9,20,0.5789,0
Inter Milan,2013/14,-52.49,None,Serie A,64729000.0,162800000,292.65,24.7,60,38,1.5789,5,20,0.7895,0
Inter Milan,2014/15,5.4,None,Serie A,49323000.0,164800000,260.7,25.0,55,38,1.4474,8,20,0.6316,0
Inter Milan,2015/16,12.87,None,Serie A,56792000.0,179200000,294.28,25.7,67,38,1.7632,4,20,0.8421,0
Inter Milan,2016/17,-146.21,None,Serie A,72686000.0,262100000,328.3,25.9,62,38,1.6316,7,20,0.6842,0
Inter Milan,2017/18,-67.99,None,Serie A,77424000.0,280800000,487.28,26.5,72,38,1.8947,4,20,0.8421,0
Inter Milan,2018/19,-6.43,Group Stage,Serie A,118528000.0,364600000,617.93,24.5,69,38,1.8158,4,20,0.8421,2
Inter Milan,2019/20,-125.18,Group Stage,Serie A,116620000.0,291500000,606.05,27.3,82,38,2.1579,2,20,0.9474,2
Inter Milan,2020/21,-49.8,Group Stage,Serie A,138880000.0,330900000,663.9,25.7,91,38,2.3947,1,20,1.0,2
Inter Milan,2021/22,165.6,Round of 16,Serie A,153440000.0,308400000,558.55,27.7,84,38,2.2105,2,20,0.9474,3
Inter Milan,2022/23,-41.83,Final,Serie A,134160000.0,378900000,567.55,26.9,72,38,1.8947,3,20,0.8947,6
Inter Milan,2023/24,52.33,Round of 16,Serie A,117580000.0,391000000,654.85,27.1,94,38,2.4737,1,20,1.0,3
Inter Milan,2024/25,-63.07,Final,Serie A,144500000.0,537500000,741.85,25.5,81,38,2.1316,2,20,0.9474,6
Juventus,2010/11,-22.22,None,Serie A,104816000.0,153900000,258.93,25.9,58,38,1.5263,7,20,0.6842,0
Juventus,2011/12,-81.21,None,Serie A,102093000.0,195400000,262.28,28.2,84,38,2.2105,1,20,1.0,0
Juventus,2012/13,-49.5,Quarter-finals,Serie A,92038000.0,272400000,337.9,26.8,87,38,2.2895,1,20,1.0,4
Juventus,2013/14,9.56,Group Stage,Serie A,81388000.0,297000000,391.45,26.0,102,38,2.6842,1,20,1.0,2
Juventus,2014/15,-21.69,Final,Serie A,72376000.0,323900000,329.0,27.4,87,38,2.2895,1,20,1.0,6
Juventus,2015/16,-73.22,Round of 16,Serie A,87578000.0,341000000,440.0,25.9,91,38,2.3947,1,20,1.0,3
Juventus,2016/17,-25.3,Final,Serie A,113447000.0,405700000,497.18,26.6,91,38,2.3947,1,20,1.0,6
Juventus,2017/18,-37.65,Quarter-finals,Serie A,141295000.0,394500000,653.15,26.9,95,38,2.5,1,20,1.0,4
Juventus,2018/19,-152.76,Quarter-finals,Serie A,237307000.0,459700000,871.05,25.4,90,38,2.3684,1,20,1.0,4
Juventus,2019/20,-28.07,Round of 16,Serie A,255540000.0,398900000,661.88,27.2,83,38,2.1842,1,20,1.0,3
Juventus,2020/21,-52.25,Round of 16,Serie A,216130000.0,433500000,663.3,25.2,78,38,2.0526,4,20,0.8421,3
Juventus,2021/22,-79.52,Round of 16,Serie A,180950000.0,400600000,642.5,25.5,70,38,1.8421,4,20,0.8421,3
Juventus,2022/23,-17.76,Group Stage,Serie A,163370000.0,432400000,483.13,25.9,72,38,1.8947,4,20,0.8421,2
Juventus,2023/24,-30.22,None,Serie A,121592000.0,355700000,504.53,25.2,71,38,1.8684,3,20,0.8947,0
Juventus,2024/25,-80.9,Play-offs,Serie A,111632000.0,401700000,628.73,24.6,70,38,1.8421,4,20,0.8421,1
Lazio,2010/11,-2.47,None,Serie A,44261000.0,115000000,111.73,27.0,66,38,1.7368,4,20,0.8421,0
Lazio,2011/12,3.51,None,Serie A,52036000.0,103000000,113.63,25.7,62,38,1.6316,4,20,0.8421,0
Lazio,2012/13,-0.58,None,Serie A,53701000.0,106200000,143.28,25.4,61,38,1.6053,7,20,0.6842,0
Lazio,2013/14,1.62,None,Serie A,44102000.0,105700000,162.95,25.5,56,38,1.4737,9,20,0.5789,0
Lazio,2014/15,-12.6,None,Serie A,33349000.0,116000000,167.55,26.8,69,38,1.8158,3,20,0.8947,0
Lazio,2015/16,-28.88,Play-offs,Serie A,36385000.0,119500000,175.3,26.2,54,38,1.4211,8,20,0.6316,1
Lazio,2016/17,-7.75,None,Serie A,39546000.0,119500000,226.45,24.2,70,38,1.8421,5,20,0.7895,0
Lazio,2017/18,45.67,None,Serie A,58377000.0,127800000,408.78,25.3,72,38,1.8947,5,20,0.7895,0
Lazio,2018/19,-12.68,None,Serie A,65095000.0,120000000,291.15,24.9,59,38,1.5526,8,20,0.6316,0
Lazio,2019/20,-14.6,None,Serie A,64110000.0,106260000,303.88,26.6,78,38,2.0526,4,20,0.8421,0
Lazio,2020/21,-34.85,Round of 16,Serie A,87170000.0,163500000,326.33,26.1,68,38,1.7895,6,20,0.7368,3
Lazio,2021/22,-4.9,None,Serie A,78440000.0,136150000,264.53,27.5,64,38,1.6842,5,20,0.7895,0
Lazio,2022/23,0.689,None,Serie A,66650000.0,148700000,266.43,26.5,74,38,1.9474,2,20,0.9474,0
Lazio,2023/24,3.72,Round of 16,Serie A,73630000.0,173300000,225.45,26.4,61,38,1.6053,7,20,0.6842,3
Lazio,2024/25,-32.22,None,Serie A,73860000.0,146000000,294.9,26.0,65,38,1.7105,7,20,0.6842,0
Lille,2010/11,2.3,None,Ligue 1,24000000.0,95000000,127.4,25.6,76,38,2.0,1,20,1.0,0
Lille,2011/12,13.5,Group Stage,Ligue 1,33000000.0,112500000,145.35,26.9,74,38,1.9474,3,20,0.8947,2
Lille,2012/13,18.75,Group Stage,Ligue 1,20000000.0,115000000,114.6,26.8,62,38,1.6316,6,20,0.7368,2
Lille,2013/14,39.05,None,Ligue 1,19408000.0,104000000,74.1,25.8,71,38,1.8684,3,20,0.8947,0
Lille,2014/15,11.93,Play-offs,Ligue 1,15389000.0,75000000,82.65,25.7,56,38,1.4737,7,20,0.6842,1
Lille,2015/16,22.35,None,Ligue 1,19602000.0,55000000,70.8,26.0,60,38,1.5789,5,20,0.7895,0
Lille,2016/17,26.3,None,Ligue 1,26514000.0,112000000,83.9,25.1,46,38,1.2105,12,20,0.4211,0
Lille,2017/18,-45.4,None,Ligue 1,27084000.0,98000000,96.75,22.5,38,38,1.0,16,20,0.2105,0
Lille,2018/19,40.6,None,Ligue 1,27959000.0,157300000,267.55,24.1,75,38,1.9737,2,20,0.9474,0
Lille,2019/20,71.6,Group Stage,Ligue 1,31300000.0,148000000,247.78,24.2,49,28,1.75,4,20,0.8421,2
Lille,2020/21,67.65,None,Ligue 1,27280000.0,148000000,323.2,24.1,83,38,2.1842,1,20,1.0,0
Lille,2021/22,52.48,Round of 16,Ligue 1,28100000.0,240000000,306.88,24.6,55,38,1.4474,9,20,0.5789,3
Lille,2022/23,81.27,None,Ligue 1,26620000.0,107000000,247.95,25.3,67,38,1.7632,5,20,0.7895,0
Lille,2023/24,5.15,None,Ligue 1,25290000.0,274000000,328.9,23.8,59,34,1.7353,4,18,0.8235,0
Lille,2024/25,33.66,Round of 16,Ligue 1,41200000.0,282300000,336.55,25.4,60,34,1.7647,4,18,0.8235,3
Liverpool,2010/11,5.28,None,Premier League,114000000.0,183700000,339.2,24.9,58,38,1.5263,6,20,0.7368,0
Liverpool,2011/12,-47.33,None,Premier League,131000000.0,233200000,236.9,26.1,52,38,1.3684,9,20,0.5789,0
Liverpool,2012/13,-60.15,None,Premier League,132000000.0,240600000,276.1,24.0,61,38,1.6053,7,20,0.6842,0
Liverpool,2013/14,-25.6,None,Premier League,78288296.0,305900000,315.75,24.6,84,38,2.2105,2,20,0.9474,0
Liverpool,2014/15,-52.16,Group Stage,Premier League,97826081.0,391800000,324.85,24.8,62,38,1.6316,6,20,0.7368,2
Liverpool,2015/16,-35.95,None,Premier League,113242366.0,403800000,375.25,23.9,60,38,1.5789,8,20,0.6316,0
Liverpool,2016/17,9.08,None,Premier League,109341486.0,424200000,425.65,24.9,76,38,2.0,4,20,0.8421,0
Liverpool,2017/18,10.85,Final,Premier League,114096241.0,513700000,857.5,25.4,75,38,1.9737,4,20,0.8421,6
Liverpool,2018/19,-150.88,Final,Premier League,152004295.0,604700000,1170.0,25.2,97,38,2.5526,2,20,0.9474,6
Liverpool,2019/20,37.6,Round of 16,Premier League,136989906.0,558600000,1000.0,23.8,99,38,2.6053,1,20,1.0,3
Liverpool,2020/21,-67.6,Quarter-finals,Premier League,156130569.0,550400000,969.65,24.9,69,38,1.8158,3,20,0.8947,4
Liverpool,2021/22,-57.35,Final,Premier League,172220653.0,701700000,918.9,24.5,92,38,2.4211,2,20,0.9474,6
Liverpool,2022/23,-60.8,Round of 16,Premier League,188280884.0,628900000,811.85,25.6,67,38,1.7632,5,20,0.7895,3
Liverpool,2023/24,-111.3,None,Premier League,161265423.0,714700000,955.65,24.2,82,38,2.1579,3,20,0.8947,0
Liverpool,2024/25,5.0,Round of 16,Premier League,152626250.0,836100000,950.95,24.7,84,38,2.2105,1,20,1.0,3
Manchester City,2010/11,-143.46,None,Premier League,174000000.0,169600000,404.18,24.9,71,38,1.8684,3,20,0.8947,0
Manchester City,2011/12,-59.6,Group Stage,Premier League,178100000.0,285600000,498.6,25.9,89,38,2.3421,1,20,1.0,2
Manchester City,2012/13,-17.65,Group Stage,Premier League,210000000.0,316200000,502.1,25.3,78,38,2.0526,2,20,0.9474,2
Manchester City,2013/14,-104.2,Round of 16,Premier League,135062723.0,416500000,455.8,27.3,86,38,2.2632,1,20,1.0,3
Manchester City,2014/15,-72.5,Round of 16,Premier League,145845890.0,463500000,448.25,27.1,79,38,2.0789,2,20,0.9474,3
Manchester City,2015/16,-141.03,Semi-finals,Premier League,151403244.0,524900000,499.35,25.9,66,38,1.7368,4,20,0.8421,5
Manchester City,2016/17,-180.9,Round of 16,Premier League,164257417.0,527700000,576.5,26.9,78,38,2.0526,3,20,0.8947,3
Manchester City,2017/18,-226.15,Quarter-finals,Premier League,180671167.0,568400000,1010.0,25.5,100,38,2.6316,1,20,1.0,4
Manchester City,2018/19,-20.99,Quarter-finals,Premier League,179613362.0,610600000,1200.0,24.6,98,38,2.5789,1,20,1.0,4
Manchester City,2019/20,-98.82,Quarter-finals,Premier League,177680216.0,549200000,1050.0,25.4,81,38,2.1316,2,20,0.9474,4
Manchester City,2020/21,-109.4,Final,Premier League,164189924.0,644900000,1040.0,25.3,86,38,2.2632,1,20,1.0,6
Manchester City,2021/22,-45.1,Semi-finals,Premier League,180735566.0,731000000,1000.0,24.7,93,38,2.4474,1,20,1.0,5
Manchester City,2022/23,7.17,Final,Premier League,226360165.0,825900000,1150.0,26.0,89,38,2.3421,1,20,1.0,6
Manchester City,2023/24,-120.8,Quarter-finals,Premier League,237958824.0,837800000,1460.0,25.7,91,38,2.3947,1,20,1.0,4
Manchester City,2024/25,-101.3,Play-offs,Premier League,239198665.0,829300000,1360.0,25.6,71,38,1.8684,3,20,0.8947,1
Manchester United,2010/11,-12.34,Final,Premier League,153000000.0,331400000,388.0,25.7,80,38,2.1053,1,20,1.0,6
Manchester United,2011/12,-49.41,Group Stage,Premier League,162000000.0,395900000,404.1,25.1,89,38,2.3421,2,20,0.9474,2
Manchester United,2012/13,-66.8,Round of 16,Premier League,180000000.0,423800000,457.5,25.3,89,38,2.3421,1,20,1.0,3
Manchester United,2013/14,-75.33,Quarter-finals,Premier League,116087007.0,518000000,402.55,26.1,64,38,1.6842,7,20,0.6842,4
Manchester United,2014/15,-148.65,None,Premier League,168294733.0,519500000,505.4,25.4,70,38,1.8421,4,20,0.8421,0
Manchester United,2015/16,-55.33,Group Stage,Premier League,148561362.0,689000000,439.85,24.1,66,38,1.7368,5,20,0.7895,2
Manchester United,2016/17,-137.75,None,Premier League,187838480.0,676300000,531.45,25.0,69,38,1.8158,6,20,0.7368,0
Manchester United,2017/18,-152.9,Round of 16,Premier League,198169670.0,665800000,849.5,26.6,81,38,2.1316,2,20,0.9474,3
Manchester United,2018/19,-52.15,Quarter-finals,Premier League,180464856.0,711500000,794.6,25.9,66,38,1.7368,6,20,0.7368,4
Manchester United,2019/20,-155.62,None,Premier League,197297905.0,580400000,670.45,24.4,66,38,1.7368,4,20,0.8421,0
Manchester United,2020/21,-70.45,Group Stage,Premier League,230653939.0,558000000,770.05,25.4,74,38,1.9474,2,20,0.9474,2
Manchester United,2021/22,-110.9,Round of 16,Premier League,284844078.0,688600000,769.15,26.0,58,38,1.5263,6,20,0.7368,3
Manchester United,2022/23,-219.5,None,Premier League,265618093.0,754800000,874.75,25.4,75,38,1.9737,3,20,0.8947,0
Manchester United,2023/24,-148.93,Group Stage,Premier League,243550559.0,770600000,808.35,24.9,60,38,1.5789,7,20,0.6842,2
Manchester United,2024/25,-129.1,None,Premier League,214295768.0,793100000,825.0,24.0,42,38,1.1053,15,20,0.2632,0
Monaco,2010/11,4.35,None,Ligue 1,17000000.0,30000000,75.4,25.1,44,38,1.1579,18,20,0.1053,0
Monaco,2011/12,3.0,None,Ligue 2,21000000.0,11000000,44.9,24.7,52,38,1.3684,8,20,0.6316,0
Monaco,2012/13,-21.15,None,Ligue 2,84200000.0,13000000,66.65,25.5,76,38,2.0,1,20,1.0,0
Monaco,2013/14,-154.96,None,Ligue 1,48803000.0,51000000,242.55,25.6,80,38,2.1053,2,20,0.9474,0
Monaco,2014/15,49.65,Quarter-finals,Ligue 1,25991000.0,130500000,187.7,24.6,71,38,1.8684,3,20,0.8947,4
Monaco,2015/16,74.4,Play-offs,Ligue 1,31362000.0,42000000,227.4,23.8,65,38,1.7105,3,20,0.8947,1
Monaco,2016/17,-32.05,Semi-finals,Ligue 1,40332000.0,216700000,309.55,23.7,95,38,2.5,1,20,1.0,5
Monaco,2017/18,77.1,Group Stage,Ligue 1,68350000.0,144000000,529.8,24.0,80,38,2.1053,2,20,0.9474,2
Monaco,2018/19,221.4,Group Stage,Ligue 1,82141000.0,148000000,385.83,23.9,36,38,0.9474,17,20,0.1579,2
Monaco,2019/20,-116.25,None,Ligue 1,79280000.0,135000000,331.03,25.7,40,28,1.4286,8,20,0.6316,0
Monaco,2020/21,-39.17,None,Ligue 1,599100000.0,150000000,370.35,24.4,78,38,2.0526,3,20,0.8947,0
Monaco,2021/22,-11.66,Play-offs,Ligue 1,52840000.0,130000000,396.0,23.7,69,38,1.8158,3,20,0.8947,1
Monaco,2022/23,112.7,None,Ligue 1,58630000.0,200000000,368.3,24.3,65,38,1.7105,6,20,0.7368,0
Monaco,2023/24,-22.6,None,Ligue 1,58770000.0,215000000,398.55,24.0,67,34,1.9706,2,18,0.9412,0
Monaco,2024/25,-32.65,Play-offs,Ligue 1,45170000.0,140000000,411.15,23.6,61,34,1.7941,3,18,0.8824,1
Napoli,2010/11,-6.9,None,Serie A,36110000.0,114900000,170.43,28.3,70,38,1.8421,3,20,0.8947,0
Napoli,2011/12,-50.41,Round of 16,Serie A,44168000.0,148400000,204.75,28.7,61,38,1.6053,5,20,0.7895,3
Napoli,2012/13,3.8,None,Serie A,54260000.0,166500000,237.25,26.7,78,38,2.0526,2,20,0.9474,0
Napoli,2013/14,-33.25,Group Stage,Serie A,51296000.0,164800000,276.6,27.3,78,38,2.0526,3,20,0.8947,2
Napoli,2014/15,-14.35,Play-offs,Serie A,49307000.0,125500000,262.18,27.2,63,38,1.6579,5,20,0.7895,1
Napoli,2015/16,-24.41,None,Serie A,52127000.0,142700000,321.93,26.5,82,38,2.1579,2,20,0.9474,0
Napoli,2016/17,17.72,Round of 16,Serie A,70211000.0,200700000,387.3,26.2,86,38,2.2632,3,20,0.8947,3
Napoli,2017/18,-51.05,Group Stage,Serie A,77741000.0,182800000,504.25,25.6,91,38,2.3947,2,20,0.9474,2
Napoli,2018/19,29.8,Group Stage,Serie A,94947000.0,207400000,646.8,24.8,79,38,2.0789,2,20,0.9474,2
Napoli,2019/20,-168.4,Round of 16,Serie A,100980000.0,176300000,548.28,27.3,62,38,1.6316,7,20,0.6842,3
Napoli,2020/21,41.91,None,Serie A,109803009.0,176300000,530.2,26.5,77,38,2.0263,5,20,0.7895,0
Napoli,2021/22,-21.2,None,Serie A,103440000.0,165000000,477.23,25.8,79,38,2.0789,3,20,0.8947,0
Napoli,2022/23,6.68,Quarter-finals,Serie A,62266000.0,267700000,654.08,26.7,90,38,2.3684,1,20,1.0,4
Napoli,2023/24,-17.41,Round of 16,Serie A,75470000.0,253600000,515.0,26.5,53,38,1.3947,9,20,0.5789,3
Napoli,2024/25,-60.4,None,Serie A,87150000.0,253600000,500.45,26.9,82,38,2.1579,1,20,1.0,0
Olympique Lyon,2010/11,-17.63,Round of 16,Ligue 1,85000000.0,132800000,190.25,24.7,64,38,1.6842,3,20,0.8947,3
Olympique Lyon,2011/12,17.4,Round of 16,Ligue 1,75000000.0,167000000,163.85,23.8,64,38,1.6842,4,20,0.8421,3
Olympique Lyon,2012/13,20.35,None,Ligue 1,100000000.0,119000000,155.65,24.4,67,38,1.7632,3,20,0.8947,0
Olympique Lyon,2013/14,20.5,Play-offs,Ligue 1,26370000.0,104000000,108.5,24.7,61,38,1.6053,5,20,0.7895,1
Olympique Lyon,2014/15,-4.15,None,Ligue 1,26722000.0,198800000,144.65,24.9,75,38,1.9737,2,20,0.9474,0
Olympique Lyon,2015/16,-14.3,Group Stage,Ligue 1,34588000.0,160000000,166.3,25.5,65,38,1.7105,2,20,0.9474,2
Olympique Lyon,2016/17,-1.3,Group Stage,Ligue 1,38460000.0,198300000,211.35,24.1,67,38,1.7632,4,20,0.8421,2
Olympique Lyon,2017/18,57.0,None,Ligue 1,37073000.0,289800000,363.8,23.6,78,38,2.0526,3,20,0.8947,0
Olympique Lyon,2018/19,43.65,Round of 16,Ligue 1,48119000.0,221000000,467.95,24.2,72,38,1.8947,3,20,0.8947,3
Olympique Lyon,2019/20,34.32,Semi-finals,Ligue 1,62940000.0,180700000,384.55,24.5,40,28,1.4286,7,20,0.6842,5
Olympique Lyon,2020/21,14.0,None,Ligue 1,55430000.0,177400000,431.35,24.7,76,38,2.0,4,20,0.8421,0
Olympique Lyon,2021/22,72.68,None,Ligue 1,68350000.0,252500000,397.7,24.9,62,38,1.6316,8,20,0.6316,0
Olympique Lyon,2022/23,47.4,None,Ligue 1,51910000.0,199100000,350.95,25.5,62,38,1.6316,7,20,0.6842,0
Olympique Lyon,2023/24,24.24,None,Ligue 1,48400000.0,361400000,305.95,25.5,53,34,1.5588,6,18,0.7059,0
Olympique Lyon,2024/25,-79.74,None,Ligue 1,68660000.0,273700000,309.85,26.0,57,34,1.6765,6,18,0.7059,0
Olympique Marseille,2010/11,-18.9,Round of 16,Ligue 1,88000000.0,141100000,167.9,26.4,68,38,1.7895,2,20,0.9474,3
Olympique Marseille,2011/12,-11.0,Quarter-finals,Ligue 1,88000000.0,130500000,146.5,25.6,48,38,1.2632,10,20,0.5263,4
Olympique Marseille,2012/13,21.1,None,Ligue 1,72000000.0,104300000,150.65,24.5,71,38,1.8684,2,20,0.9474,0
Olympique Marseille,2013/14,-38.35,Group Stage,Ligue 1,34154000.0,130500000,141.3,25.4,60,38,1.5789,6,20,0.7368,2
Olympique Marseille,2014/15,-3.0,None,Ligue 1,20686000.0,130500000,139.7,23.7,69,38,1.8158,4,20,0.8421,0
Olympique Marseille,2015/16,34.7,None,Ligue 1,26752000.0,130500000,129.5,24.4,48,38,1.2632,13,20,0.3684,0
Olympique Marseille,2016/17,28.49,None,Ligue 1,33988000.0,130000000,119.65,26.2,62,38,1.6316,5,20,0.7895,0
Olympique Marseille,2017/18,-59.25,None,Ligue 1,52282000.0,104300000,236.8,27.3,77,38,2.0263,4,20,0.8421,0
Olympique Marseille,2018/19,-33.15,None,Ligue 1,75306000.0,258400000,258.35,26.7,61,38,1.6053,5,20,0.7895,0
Olympique Marseille,2019/20,0.25,None,Ligue 1,49350000.0,171700000,216.15,24.8,56,28,2.0,2,20,0.9474,0
Olympique Marseille,2020/21,16.03,Group Stage,Ligue 1,53130000.0,174000000,247.95,25.5,60,38,1.5789,5,20,0.7895,2
Olympique Marseille,2021/22,-46.12,None,Ligue 1,55710000.0,255000000,284.7,24.0,71,38,1.8684,2,20,0.9474,0
Olympique Marseille,2022/23,-84.08,Group Stage,Ligue 1,68500000.0,287000000,331.55,25.6,73,38,1.9211,3,20,0.8947,2
Olympique Marseille,2023/24,-23.5,None,Ligue 1,70690000.0,287000000,311.4,24.4,50,34,1.4706,8,18,0.5882,0
Olympique Marseille,2024/25,-7.85,None,Ligue 1,71750000.0,188700000,358.0,24.9,65,34,1.9118,2,18,0.9412,0
PSG,2010/11,-2.0,None,Ligue 1,70000000.0,96000000,100.2,26.9,60,38,1.5789,4,20,0.8421,0
PSG,2011/12,-97.7,None,Ligue 1,110000000.0,220500000,211.1,26.9,79,38,2.0789,2,20,0.9474,0
PSG,2012/13,-146.25,Quarter-finals,Ligue 1,120000000.0,398800000,313.6,27.4,83,38,2.1842,1,20,1.0,4
PSG,2013/14,-109.4,Quarter-finals,Ligue 1,84319000.0,471300000,402.3,25.4,89,38,2.3421,1,20,1.0,4
PSG,2014/15,-47.3,Quarter-finals,Ligue 1,85621000.0,480800000,363.9,25.7,83,38,2.1842,1,20,1.0,4
PSG,2015/16,-93.2,Quarter-finals,Ligue 1,108084000.0,520900000,436.3,25.4,96,38,2.5263,1,20,1.0,4
PSG,2016/17,-74.7,Round of 16,Ligue 1,124956000.0,486200000,519.0,25.0,87,38,2.2895,2,20,0.9474,3
PSG,2017/18,-139.6,Round of 16,Ligue 1,202564000.0,541700000,900.1,25.5,93,38,2.4474,1,20,1.0,3
PSG,2018/19,-147.25,Round of 16,Ligue 1,200894000.0,635900000,1010.0,25.4,91,38,2.3947,1,20,1.0,3
PSG,2019/20,17.4,Final,Ligue 1,241290000.0,540600000,874.15,25.8,68,27,2.5185,1,20,1.0,6
PSG,2020/21,-61.6,Semi-finals,Ligue 1,242540000.0,556200000,805.0,24.7,82,38,2.1579,2,20,0.9474,5
PSG,2021/22,-80.0,Round of 16,Ligue 1,432700000.0,654200000,875.15,26.2,86,38,2.2632,1,20,1.0,3
PSG,2022/23,-85.2,Round of 16,Ligue 1,361590000.0,801800000,891.1,25.9,85,38,2.2368,1,20,1.0,3
PSG,2023/24,-243.85,Semi-finals,Ligue 1,293190000.0,805900000,1020.0,24.9,76,34,2.2353,1,18,1.0,5
PSG,2024/25,-110.82,Final,Ligue 1,183180000.0,837000000,1140.0,23.6,84,34,2.4706,1,18,1.0,6
Real Madrid,2010/11,-82.5,Semi-finals,La Liga,298000000.0,479500000,519.0,24.7,92,38,2.4211,2,20,0.9474,5
Real Madrid,2011/12,-48.0,Semi-finals,La Liga,234000000.0,512600000,539.2,25.2,100,38,2.6316,1,20,1.0,5
Real Madrid,2012/13,-5.0,Semi-finals,La Liga,234000000.0,518900000,582.4,25.9,85,38,2.2368,2,20,0.9474,5
Real Madrid,2013/14,-62.0,Final,La Liga,135708000.0,549500000,636.8,25.5,87,38,2.2895,3,20,0.8947,6
Real Madrid,2014/15,-13.9,Semi-finals,La Liga,153375000.0,577000000,787.8,24.7,92,38,2.4211,2,20,0.9474,5
Real Madrid,2015/16,-76.25,Final,La Liga,151263000.0,620100000,714.3,25.3,90,38,2.3684,2,20,0.9474,6
Real Madrid,2016/17,7.5,Final,La Liga,200412000.0,674600000,802.9,26.2,93,38,2.4474,1,20,1.0,6
Real Madrid,2017/18,92.0,Final,La Liga,205395000.0,750900000,955.35,25.0,76,38,2.0,3,20,0.8947,6
Real Madrid,2018/19,-28.65,Round of 16,La Liga,232274000.0,757300000,896.1,25.2,68,38,1.7895,3,20,0.8947,3
Real Madrid,2019/20,-224.5,Round of 16,La Liga,356200000.0,691800000,913.75,26.2,87,38,2.2895,1,20,1.0,3
Real Madrid,2020/21,108.2,Semi-finals,La Liga,314290000.0,640700000,787.3,25.3,84,38,2.2105,2,20,0.9474,5
Real Madrid,2021/22,47.0,Final,La Liga,322590000.0,713800000,770.75,26.3,86,38,2.2632,1,20,1.0,6
Real Madrid,2022/23,19.15,Semi-finals,La Liga,290950000.0,831400000,923.45,25.9,78,38,2.0526,2,20,0.9474,5
Real Madrid,2023/24,-154.5,Final,La Liga,285570000.0,1045500000,1140.0,25.6,95,38,2.5,1,20,1.0,6
Real Madrid,2024/25,-33.0,Quarter-finals,La Liga,272960000.0,1116000000,1350.0,24.4,84,38,2.2105,2,20,0.9474,4
Sevilla,2010/11,12.5,Play-offs,La Liga,62500000.0,114000000,175.6,26.1,58,38,1.5263,7,20,0.6842,1
Sevilla,2011/12,-3.3,None,La Liga,234000000.0,114000000,133.0,25.6,50,38,1.3158,9,20,0.5789,0
Sevilla,2012/13,-1.8,None,La Liga,66600000.0,71600000,144.8,25.3,50,38,1.3158,9,20,0.5789,0
Sevilla,2013/14,55.68,None,La Liga,25198000.0,212000000,141.15,25.0,63,38,1.6579,5,20,0.7895,0
Sevilla,2014/15,29.6,None,La Liga,26290000.0,126800000,166.75,25.5,76,38,2.0,5,20,0.7895,0
Sevilla,2015/16,17.45,Group Stage,La Liga,34239000.0,163600000,230.3,26.2,52,38,1.3684,7,20,0.6842,2
Sevilla,2016/17,11.75,Round of 16,La Liga,70144000.0,170600000,270.1,26.1,72,38,1.8947,4,20,0.8421,3
Sevilla,2017/18,3.55,Quarter-finals,La Liga,68581000.0,151000000,253.2,27.0,58,38,1.5263,7,20,0.6842,4
Sevilla,2018/19,12.75,None,La Liga,77335000.0,165200000,306.3,26.6,59,38,1.5526,6,20,0.7368,0
Sevilla,2019/20,-57.33,None,La Liga,65551000.0,145300000,294.75,26.2,70,38,1.8421,4,20,0.8421,0
Sevilla,2020/21,-54.67,Round of 16,La Liga,93490000.0,164700000,418.25,26.2,77,38,2.0263,4,20,0.8421,3
Sevilla,2021/22,-13.0,Group Stage,La Liga,99240000.0,186100000,385.0,26.2,70,38,1.8421,4,20,0.8421,2
Sevilla,2022/23,61.1,Group Stage,La Liga,73930000.0,241300000,232.58,26.8,49,38,1.2895,11,20,0.4737,2
Sevilla,2023/24,-5.4,Group Stage,La Liga,77810000.0,182000000,228.75,26.7,41,38,1.0789,14,20,0.3158,2
Sevilla,2024/25,12.28,None,La Liga,58730000.0,155200000,183.9,25.2,41,38,1.0789,17,20,0.1579,0
Tottenham,2010/11,-23.67,Quarter-finals,Premier League,91100000.0,181000000,307.08,26.3,62,38,1.6316,5,20,0.7895,4
Tottenham,2011/12,34.25,None,Premier League,90000000.0,178200000,323.5,25.7,69,38,1.8158,4,20,0.8421,0
Tottenham,2012/13,-0.47,None,Premier League,110000000.0,172000000,296.8,26.0,72,38,1.8947,5,20,0.7895,0
Tottenham,2013/14,14.01,None,Premier League,61120132.0,215500000,288.95,24.4,69,38,1.8158,6,20,0.7368,0
Tottenham,2014/15,-4.33,None,Premier League,78458830.0,257700000,304.15,25.2,64,38,1.6842,5,20,0.7895,0
Tottenham,2015/16,16.25,None,Premier League,64694251.0,279700000,371.85,24.2,70,38,1.8421,3,20,0.8947,0
Tottenham,2016/17,31.2,Group Stage,Premier League,84927304.0,359500000,543.65,24.1,86,38,2.2632,2,20,0.9474,2
Tottenham,2017/18,-17.2,Round of 16,Premier League,95760000.0,130000000,829.6,25.2,77,38,2.0263,3,20,0.8947,3
Tottenham,2018/19,5.35,Final,Premier League,108769056.0,521100000,898.6,26.0,71,38,1.8684,4,20,0.8421,6
Tottenham,2019/20,-86.0,Round of 16,Premier League,128296109.0,445700000,806.8,22.41,59,38,1.5526,6,20,0.7368,3
Tottenham,2020/21,-97.2,None,Premier League,160371329.0,406200000,703.5,25.2,62,38,1.6316,7,20,0.6842,0
Tottenham,2021/22,-61.28,None,Premier League,131408702.0,523000000,689.35,24.0,71,38,1.8684,4,20,0.8421,0
Tottenham,2022/23,-142.95,Round of 16,Premier League,127082044.0,631500000,649.1,25.9,60,38,1.5789,8,20,0.6316,3
Tottenham,2023/24,-154.4,None,Premier League,139106817.0,615000000,838.5,25.6,66,38,1.7368,5,20,0.7895,0
Tottenham,2024/25,-129.05,None,Premier League,123573652.0,672600000,777.3,24.0,38,38,1.0,17,20,0.1579,0
Valencia,2010/11,56.5,Round of 16,La Liga,52230000.0,116800000,176.6,26.9,71,38,1.8684,3,20,0.8947,3
Valencia,2011/12,-1.1,Group Stage,La Liga,67000000.0,111100000,181.0,26.0,61,38,1.6053,3,20,0.8947,2
Valencia,2012/13,6.8,Round of 16,La Liga,30000000.0,116000000,172.9,25.6,65,38,1.7105,5,20,0.7895,3
Valencia,2013/14,24.63,None,La Liga,31078000.0,107000000,178.8,25.1,49,38,1.2895,9,20,0.5789,0
Valencia,2014/15,0.4,None,La Liga,30313000.0,124300000,230.0,24.5,77,38,2.0263,4,20,0.8421,0
Valencia,2015/16,-93.3,Group Stage,La Liga,50477000.0,103700000,254.0,24.1,44,38,1.1579,12,20,0.4211,2
Valencia,2016/17,85.9,None,La Liga,70030000.0,114000000,257.5,25.3,46,38,1.2105,12,20,0.4211,0
Valencia,2017/18,-38.45,None,La Liga,60779000.0,146000000,398.05,24.7,73,38,1.9211,4,20,0.8421,0
Valencia,2018/19,-60.4,Group Stage,La Liga,75620000.0,184700000,499.65,25.2,61,38,1.6053,4,20,0.8421,2
Valencia,2019/20,-18.7,Round of 16,La Liga,75340000.0,172100000,427.8,25.9,53,38,1.3947,9,20,0.5789,3
Valencia,2020/21,88.8,None,La Liga,75390000.0,125000000,278.85,25.2,43,38,1.1316,13,20,0.3684,0
Valencia,2021/22,-13.65,None,La Liga,68820000.0,110000000,310.6,24.1,48,38,1.2632,9,20,0.5789,0
Valencia,2022/23,42.1,None,La Liga,47620000.0,121000000,249.78,24.5,42,38,1.1053,16,20,0.2105,0
Valencia,2023/24,18.5,None,La Liga,39670000.0,103700000,244.73,23.8,49,38,1.2895,9,20,0.5789,0
Valencia,2024/25,27.13,None,La Liga,37530000.0,103700000,215.55,24.5,46,38,1.2105,12,20,0.4211,0
Villarreal,2010/11,11.57,None,La Liga,35000000.0,80000000,170.6,25.8,62,38,1.6316,4,20,0.8421,0
Villarreal,2011/12,-4.45,Group Stage,La Liga,71580000.0,76000000,137.0,26.0,41,38,1.0789,18,20,0.1053,2
Villarreal,2012/13,47.78,None,La Liga 2,17000000.0,33000000,41.75,26.5,77,42,1.8333,2,22,0.9524,0
Villarreal,2013/14,-6.95,None,La Liga,14593000.0,76000000,77.3,24.8,59,38,1.5526,7,20,0.6842,0
Villarreal,2014/15,3.8,None,La Liga,26963000.0,65000000,132.7,24.5,60,38,1.5789,6,20,0.7368,0
Villarreal,2015/16,-9.64,None,La Liga,20967000.0,75000000,140.6,25.8,64,38,1.6842,4,20,0.8421,0
Villarreal,2016/17,11.3,Play-offs,La Liga,28064000.0,115000000,190.7,26.3,67,38,1.7632,5,20,0.7895,1
Villarreal,2017/18,21.9,None,La Liga,32586000.0,130600000,220.0,25.8,61,38,1.6053,5,20,0.7895,0
Villarreal,2018/19,-38.1,None,La Liga,49185000.0,116160000,230.65,27.9,44,38,1.1579,15,20,0.2632,0
Villarreal,2019/20,23.5,None,La Liga,59390000.0,144000000,208.68,26.9,60,38,1.5789,5,20,0.7895,0
Villarreal,2020/21,-11.19,None,La Liga,96570000.0,114000000,292.6,26.4,58,38,1.5263,7,20,0.6842,0
Villarreal,2021/22,-39.16,Semi-finals,La Liga,106060000.0,178700000,408.9,26.5,59,38,1.5526,7,20,0.6842,5
Villarreal,2022/23,25.12,None,La Liga,54200000.0,179000000,363.5,26.4,64,38,1.6842,5,20,0.7895,0
Villarreal,2023/24,100.5,None,La Liga,45750000.0,116000000,252.5,27.2,53,38,1.3947,8,20,0.6316,0
Villarreal,2024/25,5.5,None,La Liga,43780000.0,199970000,262.25,26.2,70,38,1.8421,5,20,0.7895,0
Wolfsburg,2010/11,3.5,None,Bundesliga,59600000.0,122900000,145.1,26.2,38,34,1.1176,15,18,0.1765,0
Wolfsburg,2011/12,-36.68,None,Bundesliga,72000000.0,118000000,125.8,26.4,44,34,1.2941,8,18,0.5882,0
Wolfsburg,2012/13,-5.25,None,Bundesliga,55000000.0,100000000,109.0,26.4,43,34,1.2647,12,18,0.3529,0
Wolfsburg,2013/14,-34.55,None,Bundesliga,53948000.0,130500000,155.23,25.6,60,34,1.7647,5,18,0.7647,0
Wolfsburg,2014/15,-33.8,None,Bundesliga,57256000.0,156400000,221.05,26.4,69,34,2.0294,2,18,0.9412,0
Wolfsburg,2015/16,43.2,Quarter-finals,Bundesliga,56527000.0,136100000,270.43,25.9,45,34,1.3235,8,18,0.5882,4
Wolfsburg,2016/17,13.4,None,Bundesliga,77913000.0,136700000,203.08,25.0,37,34,1.0882,16,18,0.1176,0
Wolfsburg,2017/18,-36.75,None,Bundesliga,58206000.0,215100000,143.6,24.8,33,34,0.9706,16,18,0.1176,0
Wolfsburg,2018/19,-35.2,None,Bundesliga,65597700.0,193620000,229.25,25.5,55,34,1.6176,6,18,0.7059,0
Wolfsburg,2019/20,-20.5,None,Bundesliga,66870000.0,229000000,207.6,25.2,49,34,1.4412,7,18,0.6471,0
Wolfsburg,2020/21,-10.9,None,Bundesliga,57870000.0,243000000,256.83,26.4,61,34,1.7941,4,18,0.8235,0
Wolfsburg,2021/22,-59.08,Group Stage,Bundesliga,61530000.0,229000000,269.3,25.7,42,34,1.2353,13,18,0.2941,2
Wolfsburg,2022/23,-13.47,None,Bundesliga,44540000.0,229000000,283.3,25.1,49,34,1.4412,8,18,0.5882,0
Wolfsburg,2023/24,-3.7,None,Bundesliga,54830000.0,229000000,206.45,25.0,37,34,1.0882,12,18,0.3529,0
Wolfsburg,2024/25,-19.05,None,Bundesliga,53270000.0,238800000,296.3,25.5,43,34,1.2647,12,18,0.3529,0
